{
  "page": {
    "label": "TRANSLATE.KODI.KODICONF"
  },
  "sections": [ 
   {
      "id": "section_bootconf",
      "element": "section",
      "label": "TRANSLATE.KODI.KODITITLE",
      "icon": "fa-cogs",
      "onSave": {"type":"controller", "endpoint":"miscellanea/Kodi", "method":"updateBootConfig"},
      "saveButton": {
        "label": "TRANSLATE.KODI.SAVE",
        "data": [
          "gpu_mem",
          "autostart",
          "hdmihotplug"
        ]
      },
      "content": [
        {
          "id": "gpu_mem",
          "type":"text",
          "element": "input",
          "doc": "This is the amount of memory reserved for the GPU",
          "label": "TRANSLATE.KODI.GPUMEM",
          "value": "248"
        },
		{
          "id":"hdmihotplug",
          "element": "switch",
          "doc": "Determines whether HDMI should be considered hotplug",
          "label": "TRANSLATE.KODI.HDMIHOTPLUG",
          "value": true
        }
      ]
   }
  ]
}
