{
  "page": {
    "label": "TRANSLATE.KODI.KODICONF"
  },
  "sections": [ 
   {
      "id": "section_bootconf",
      "element": "section",
      "label": "TRANSLATE.KODI.KODITITLE",
      "icon": "fa-cogs",
      "onSave": {"type":"controller", "endpoint":"miscellanea/Kodi", "method":"updateBootConfig"},
      "saveButton": {
        "label": "TRANSLATE.COMMON.SAVE",
        "data": [
          "gpu_mem_1024",
		  "gpu_mem_512",
		  "gpu_mem_256",
          "hdmihotplug"
        ]
      },
      "content": [
        {
          "id": "gpu_mem_1024",
          "type":"text",
          "element": "input",
          "doc": "This is the amount of memory reserved for the GPU (1024MB model)",
          "label": "TRANSLATE.KODI.GPUMEM1024",
          "value": "256"
        },
		{
          "id": "gpu_mem_512",
          "type":"text",
          "element": "input",
          "doc": "This is the amount of memory reserved for the GPU (512MB model)",
          "label": "TRANSLATE.KODI.GPUMEM512",
          "value": "144"
        },
		{
          "id": "gpu_mem_256",
          "type":"text",
          "element": "input",
          "doc": "This is the amount of memory reserved for the GPU (256MB model)",
          "label": "TRANSLATE.KODI.GPUMEM256",
          "value": "112"
        },
		{
          "id":"hdmihotplug",
          "element": "switch",
          "doc": "Determines whether HDMI should be considered hotplug",
          "label": "TRANSLATE.KODI.HDMIHOTPLUG",
          "value": true
        }
      ]
   },
   {
      "id": "section_dacconf",
      "element": "section",
      "label": "TRANSLATE.KODI.KODISOUNDTITLE",
      "icon": "fa-volume-up",
      "onSave": {"type":"controller", "endpoint":"miscellanea/Kodi", "method":"updateSoundConfig"},
      "saveButton": {
        "label": "TRANSLATE.COMMON.SAVE",
        "data": [
		  "usedac",
		  "kalidelay"
        ]
      },
      "content": [
		{
          "id":"usedac",
          "element": "switch",
          "doc": "Use I2S DAC for Kodi",
          "label": "TRANSLATE.KODI.USEDAC",
          "value": false
        },
		{
          "id":"kalidelay",
          "element": "switch",
          "doc": "Set delay in Kodi for Kali reclocker (0.7s)",
          "label": "TRANSLATE.KODI.KALIDELAY",
          "value": false
        }
      ]
   },
	{
      "id": "section_optimiseconf",
      "element": "section",
      "label": "TRANSLATE.KODI.KODIOPTIMISETITLE",
      "icon": "fa-wrench",
      "onSave": {"type":"controller", "endpoint":"miscellanea/Kodi", "method":"optimiseKodi"},
      "saveButton": {
        "label": "TRANSLATE.COMMON.SAVE",
        "data": [
		  "kodi_gui_sounds",
		  "kodi_audio_keepalive"
        ]
      },
      "content": [
		{
          "id":"kodi_gui_sounds",
          "element": "switch",
          "doc": "Enable Kodi GUI sounds",
          "label": "TRANSLATE.KODI.KODI_GUI_SOUNDS",
          "value": false
        },
		{
          "id":"kodi_audio_keepalive",
          "element": "switch",
          "doc": "Keep audio device alive",
          "label": "TRANSLATE.KODI.KODI_AUDIO_KEEPALIVE",
          "value": false
        }
      ]
   }
  ]
}
